作者,名称,类型,进度,字数,发表时间,作品视角,所属系列,版权转化,签约状态,非v章节章均点击数,总书评数,当前被收藏数,文章积分,内容标签,评分,评价人数,五星比例,四星比例,三星比例,二星比例,一星比例
碉堡堡,虐文求生游戏,原创-纯爱-幻想未来-爱情,完结,1126648,2023-10-04 22:50:59,主攻,微澜,"广播剧签约,漫画签约,亚洲出版签约,有声读物签约",已签约,315899,126502,208242,"5,520,647,168","快穿,正剧",9.4,1258,74%,23%,2%,0%,1%
海藻大王,双A引力法则,原创-纯爱-幻想未来-剧情,完结,1206089,2024-03-30 11:58:34,主攻,主攻AA,"有声读物签约,漫画签约,亚洲出版签约",已签约,31260,17317,33080,"963,324,992","强强,重生,甜文,爽文,ABO",9.6,116,79%,19%,2%,0%,0%
墨西柯,魔尊他念念不忘,原创-纯爱-架空历史-仙侠,完结,487704,2022-05-31 03:41:43,主受,,"中国大陆出版最新签约,繁体出版(港/台)签约,漫画签约,广播剧签约,亚洲出版签约",已签约,1039351,147869,504635,"8,096,652,288","年下,情有独钟,仙侠修真,穿书,轻松",8.9,4086,56%,36%,7%,1%,0%
陈森森,别养黑莲花皇帝当替身,原创-纯爱-架空历史-爱情,完结,480191,2022-05-25 10:28:56,主受,完结文 之 四号,亚洲出版签约,已签约,187998,41907,97050,"1,970,859,392","年下,穿越时空,系统,穿书,轻松,替身",9.4,739,75%,20%,5%,1%,0%
半截白菜,月光盒子,原创-言情-近代现代-爱情,完结,438268,2025-08-18 20:31:20,女主,青春,中国大陆出版最新签约,已签约,168091,30626,141342,"2,574,476,800","情有独钟,天之骄子,业界精英,励志,正剧",9.2,413,71%,24%,3%,1%,1%
墨西柯,怎么还不哄我[娱乐圈],原创-纯爱-近代现代-爱情,完结,337219,2022-03-13 08:08:08,主受,,"中国大陆出版最新签约,亚洲出版签约",已签约,333521,72906,246948,"4,008,789,760","破镜重圆,娱乐圈,轻松",9.1,1664,58%,37%,4%,0%,0%
墨西柯,我怎么可能喜欢他,原创-纯爱-近代现代-爱情,完结,589021,2021-07-09 21:19:55,主受,,"中国大陆出版最新签约,亚洲出版签约",已签约,223977,71097,197732,"3,724,058,368","强强,体育竞技,相爱相杀,校园,轻松",9.5,1168,76%,22%,3%,0%,0%
墨香铜臭,天官赐福,原创-纯爱-架空历史-爱情,完结,1093083,2024-03-26 16:30:09,主受,无从属系列,"中国大陆出版最新签约,繁体出版(港/台)签约,影视签约,亚洲出版签约,动漫签约,广播剧签约,欧美出版签约",已签约,3181821,3694838,3131198,"75,536,318,464","灵异神怪,情有独钟,仙侠修真,励志,轻松",9.8,36064,95%,3%,1%,0%,1%
寒雾隐,黏糊糊的话唠小狗也会,原创-纯爱-近代现代-爱情,完结,267142,2025-03-29 02:58:46,主受,一碗蜜饯,繁体出版(港/台)签约,已签约,7892,3786,10676,"107,080,856","情有独钟,甜文,成长,治愈,日常,救赎",8.6,53,58%,21%,13%,8%,0%
暮兰舟,吉祥如意,原创-言情-古色古香-剧情,完结,835387,2024-11-25 11:08:43,女主,排排坐，吃果果，接档文排队中,"电视剧签约,网络剧签约,繁体出版(港/台)签约",已签约,52535,52662,49285,"1,121,624,960","豪门世家,天作之合,种田文,宅斗,群像",9.8,268,90%,8%,1%,0%,0%
松雪酥,汴京小面馆,原创-言情-架空历史-剧情,完结,730183,2025-04-07 08:53:55,女主,三餐四季即烟火,"中国大陆出版最新签约,繁体出版(港/台)签约",已签约,201457,52015,162968,"3,026,080,256","穿越时空,种田文,美食,市井生活,日常,群像",9.6,689,81%,18%,1%,0%,0%
雾矢翊,娇珠映玉,原创-言情-架空历史-爱情,完结,788139,2025-08-15 15:56:45,女主,正在更新中 之 宠妻系列,繁体出版(港/台)签约,已签约,171262,17616,111383,"2,205,410,816","情有独钟,重生,甜文,轻松",8.5,146,43%,44%,11%,1%,1%
竹已,偷偷藏不住,原创-言情-近代现代-爱情,完结,372139,2022-01-17 16:20:23,女主,南芜双狗,"中国大陆出版最新签约,影视签约,有声读物签约,广播剧签约,亚洲出版签约,繁体出版(港/台)签约,漫画签约,动态漫画签约,漫画线下活动签约,电影签约,欧美出版签约,衍生品签约",已签约,2345504,195629,1862788,"19,602,151,424","情有独钟,励志,甜文,轻松",9.6,14954,87%,8%,3%,1%,1%
蝶之灵,异界游戏制作人,原创-纯爱-幻想未来-剧情,完结,1228390,2023-10-30 20:00:00,主受,幻想世界 之 事业篇,亚洲出版签约,已签约,272360,164675,199901,"7,756,642,304","强强,幻想空间,情有独钟,游戏网游,爽文,轻松",9.1,927,62%,33%,5%,0%,0%
竹已,难哄,原创-言情-近代现代-爱情,完结,389931,2022-12-05 16:10:28,女主,南芜双狗,"中国大陆出版最新签约,广播剧签约,电视剧签约,网络剧签约,漫画签约,繁体出版(港/台)签约,有声读物签约,动态漫画签约,亚洲出版签约,电影签约,欧美出版签约,衍生品签约,动画签约,漫画线下活动签约",已签约,2261864,274996,1921689,"21,208,973,312","欢喜冤家,天之骄子,甜文,轻松",9.7,17058,90%,7%,2%,0%,0%
priest,杀破狼,原创-纯爱-架空历史-爱情,完结,655752,2015-01-23 20:00:00,主受,各种古耽,"亚洲出版签约,繁体出版(港/台)签约,影视签约,游戏签约,动漫签约,有声读物签约,欧美出版签约",已签约,1089274,474732,1203097,"13,772,617,728","年下,幻想空间,正剧",9.8,11763,94%,5%,1%,0%,0%
priest,默读,原创-纯爱-近代现代-悬疑,完结,824288,2016-06-15 11:00:00,主受,扯淡向咸蛋,"有声读物签约,动漫签约,影视签约,广播剧签约,亚洲出版签约,音乐签约,欧美出版签约",已签约,1527462,802220,1585880,"19,339,429,888","都市,悬疑推理,正剧",9.8,14512,93%,6%,1%,0%,0%
priest,杀破狼,原创-纯爱-架空历史-爱情,完结,655752,2015-01-23 20:00:00,主受,各种古耽,"亚洲出版签约,繁体出版(港/台)签约,影视签约,游戏签约,动漫签约,有声读物签约,欧美出版签约",已签约,1089274,474732,1203097,"13,772,617,728","年下,幻想空间,正剧",9.8,11763,94%,5%,1%,0%,0%
梦溪石,无双,原创-纯爱-古色古香-传奇,完结,697276,2019-10-17 15:40:46,主受,耽美 之 剑胆琴心,"繁体出版(港/台)签约,亚洲出版签约,动漫签约,中国大陆出版最新签约,影视签约,广播剧签约,有声读物签约,欧美出版签约",已签约,333897,178335,333119,"5,880,501,760","江湖,悬疑推理,朝堂,美强惨,傲娇",9.7,2305,86%,12%,1%,0%,0%
墨香铜臭,魔道祖师,原创-纯爱-架空历史-爱情,完结,691111,2017-12-23 18:24:20,主受,无从属系列,"中国大陆出版最新签约,有声读物签约,动漫签约,亚洲出版签约,繁体出版(港/台)签约,影视签约,游戏签约,广播剧签约,欧美出版签约,舞台剧签约,衍生品签约",已签约,1910481,1505982,1735190,"35,568,549,888","灵异神怪,情有独钟,天作之合,仙侠修真,正剧",9.9,28940,96%,3%,0%,0%,0%
觅芽子,玫瑰先生,原创-言情-近代现代-爱情,完结,492861,2024-04-03 14:11:04,女主,京圈//年岁差,亚洲出版签约,已签约,139954,4283,98736,"652,498,496","情有独钟,因缘邂逅,正剧,高岭之花,暗恋",9.5,230,77%,20%,2%,0%,0%
书也,赴野,原创-言情-近代现代-爱情,完结,234584,2022-07-17 14:07:21,女主,冬酿雪,"中国大陆出版最新签约,亚洲出版签约",已签约,151727,6405,127769,"841,192,768","天之骄子,轻松",9.4,548,76%,18%,5%,1%,0%
蝶之灵,在校生,原创-纯爱-幻想未来-科幻,完结,798455,2018-01-17 20:34:37,主受,星际ABO 之 第一部,"广播剧签约,亚洲出版签约",已签约,199498,41667,77214,"3,496,990,720","幻想空间,制服情缘,机甲,ABO,轻松",9.1,51,63%,31%,6%,0%,0%
爆炒小黄瓜,如何阻止男主发疯,衍生-言情-架空历史-西方衍生,完结,352669,2024-06-29 11:13:17,女主,,"中国大陆出版最新签约,亚洲出版签约,网络剧签约",已签约,511079,266670,536254,"8,440,182,784","西方名著,情有独钟,西方罗曼,穿越时空,甜文,救赎",9.7,8915,88%,9%,1%,0%,1%
苏拾五,柠檬汽水糖,原创-言情-近代现代-爱情,完结,448619,2025-01-19 16:20:14,女主,还在努力,"繁体出版(港/台)签约,中国大陆出版最新签约,亚洲出版签约",已签约,402113,30515,386291,"2,544,512,768","情有独钟,天之骄子,励志,成长,校园,暗恋",9.6,1878,83%,15%,2%,0%,0%
priest,杀破狼,原创-纯爱-架空历史-爱情,完结,655752,2015-01-23 20:00:00,主受,各种古耽,"亚洲出版签约,繁体出版(港/台)签约,影视签约,游戏签约,动漫签约,有声读物签约,欧美出版签约",已签约,1089274,474732,1203097,"13,772,617,728","年下,幻想空间,正剧",9.8,11763,94%,5%,1%,0%,0%
江萝萝,绝对温柔,原创-言情-近代现代-爱情,完结,333713,2022-05-11 14:40:35,女主,【甜文】校园 之 温柔与叛逆,"中国大陆出版最新签约,亚洲出版签约",已签约,72333,1904,42152,"601,767,552","破镜重圆,天之骄子,甜文,轻松,白月光",8.7,76,43%,47%,8%,1%,0%
番大王,为了让何玉后悔,原创-言情-近代现代-爱情,完结,140087,2019-08-25 19:20:07,女主,长篇 之 完结,"中国大陆出版最新签约,亚洲出版签约",已签约,101064,10714,70188,"571,334,016","都市,情有独钟,励志,成长,正剧",9.6,1204,82%,16%,2%,0%,0%
钟仅,假如梦有保质期,原创-言情-近代现代-爱情,完结,62825,2025-03-21 14:01:38,女主,连载中,"中国大陆出版最新签约,亚洲出版签约",已签约,58968,4009,31241,"286,545,600","幻想空间,情有独钟,欢喜冤家,正剧",9.8,864,92%,7%,1%,0%,0%
严颂颂,小聋子受决定摆烂任宠,原创-纯爱-近代现代-爱情,完结,362300,2024-05-31 16:40:27,主受,22奢华款可丽饼,亚洲出版签约,已签约,479630,41783,236434,"3,226,495,232","豪门世家,恋爱合约,甜文,穿书,轻松",8.7,2157,44%,48%,7%,1%,0%
严雪芥,霓虹天气,原创-言情-近代现代-爱情,完结,301348,2025-03-27 20:06:48,女主,爱是温柔的暴动,"中国大陆出版最新签约,亚洲出版签约",已签约,96846,26567,75176,"970,833,216","天之骄子,青梅竹马,逆袭,轻松,天降",9.5,787,76%,22%,2%,0%,0%
牵丝偶,你我本无缘，全靠我算,原创-言情-近代现代-爱情,完结,510787,2021-12-13 22:59:59,女主,全文完结,亚洲出版签约,已签约,153078,8796,87581,"618,936,896","时代奇缘,豪门世家,情有独钟,甜文,玄学,轻松",8.9,697,53%,38%,7%,1%,0%
耳东兔子,暗格里的秘密,原创-言情-近代现代-爱情,完结,329121,2021-08-15 14:24:56,女主,青梅竹马 之 暗恋,"中国大陆出版最新签约,影视签约,亚洲出版签约,有声读物签约",已签约,748286,104412,655318,"9,190,265,856","都市,校园,正剧",9.6,2415,82%,15%,3%,0%,0%
priest,镇魂,原创-纯爱-近代现代-爱情,完结,465951,2019-01-24 12:14:06,主受,扯淡向咸蛋,"游戏签约,影视签约,繁体出版(港/台)签约,亚洲出版签约,外文广播剧签约,欧美出版签约",已签约,1107035,166892,814861,"9,471,793,152","强强,灵异神怪,现代架空,正剧",9.7,4707,89%,9%,1%,0%,0%
曲小蛐,他那么狂,原创-言情-近代现代-爱情,完结,293041,2018-07-17 17:02:03,女主,现言-其他,"中国大陆出版最新签约,亚洲出版签约",已签约,270709,17784,188273,"3,360,182,528","三教九流,轻松",8.8,314,53%,33%,13%,1%,0%
夜子莘,乖，别跑,原创-言情-近代现代-爱情,完结,447612,2020-07-11 20:47:27,女主,,"中国大陆出版最新签约,亚洲出版签约",已签约,156130,8420,72079,"735,439,552","豪门世家,青梅竹马,甜文,校园,轻松",9.8,209,89%,10%,1%,0%,0%
梦溪石,千秋,原创-纯爱-架空历史-传奇,完结,637592,2023-11-14 03:34:06,主受,耽美 之 剑胆琴心,"中国大陆出版最新签约,繁体出版(港/台)签约,游戏签约,动漫签约,广播剧签约,亚洲出版签约,影视签约,有声读物签约,欧美出版签约",已签约,455755,124172,426678,"6,267,686,912","江湖,正剧,美强惨,群像",9.7,3473,86%,12%,1%,0%,0%
团子来袭,穿成亡国太子妃,原创-言情-架空历史-爱情,完结,696666,2022-12-30 00:52:29,女主,完结可宰,"中国大陆出版最新签约,亚洲出版签约",已签约,610092,58738,336375,"4,965,693,952","天作之合,甜文,穿书,轻松",9.1,1753,60%,36%,4%,0%,0%
栖子七,厌恶关系,原创-纯爱-近代现代-爱情,完结,371258,2025-04-26 20:50:14,主受,双男主完结,繁体出版(港/台)签约,已签约,83880,11152,66019,"884,624,000","都市,情有独钟,破镜重圆,娱乐圈,正剧,救赎",9,456,57%,38%,5%,0%,0%
爱看天,回档1995,原创-纯爱-近代现代-爱情,完结,632487,2019-03-11 23:15:59,主受,年代养崽文,"中国大陆出版最新签约,亚洲出版签约",已签约,249556,61839,100596,"2,754,653,952","重生,甜文,爽文,年代文,轻松",9.2,529,67%,29%,4%,0%,0%
木苏里,判官,原创-纯爱-近代现代-奇幻,完结,539210,2020-04-28 00:01:07,不明,,"广播剧签约,动漫签约,中国大陆出版最新签约,亚洲出版签约,衍生品签约,繁体出版(港/台)签约,海外动画签约,海外漫画签约,外文广播剧签约,欧美出版签约",已签约,1463681,1304378,1525481,"39,632,584,704","强强,灵异神怪,轻松",9.8,23389,91%,8%,1%,0%,0%
竹已,偷偷藏不住,原创-言情-近代现代-爱情,完结,372139,2022-01-17 16:20:23,女主,南芜双狗,"中国大陆出版最新签约,影视签约,有声读物签约,广播剧签约,亚洲出版签约,繁体出版(港/台)签约,漫画签约,动态漫画签约,漫画线下活动签约,电影签约,欧美出版签约,衍生品签约",已签约,2345504,195629,1862788,"19,602,151,424","情有独钟,励志,甜文,轻松",9.6,14954,87%,8%,3%,1%,1%
木苏里,判官,原创-纯爱-近代现代-奇幻,完结,539210,2020-04-28 00:01:07,不明,,"广播剧签约,动漫签约,中国大陆出版最新签约,亚洲出版签约,衍生品签约,繁体出版(港/台)签约,海外动画签约,海外漫画签约,外文广播剧签约,欧美出版签约",已签约,1463681,1304378,1525481,"39,632,584,704","强强,灵异神怪,轻松",9.8,23389,91%,8%,1%,0%,0%
暮兰舟,回到老公自宫前,原创-言情-古色古香-爱情,完结,851530,2025-11-12 12:50:27,女主,大明的职业女性 之 大明游医,"影视签约,亚洲出版签约,衍生品签约",已签约,185048,46808,86554,"1,161,343,616","重生,打脸,爽文,姐弟恋,正剧",9.6,522,83%,15%,2%,0%,0%
曲小蛐,他最野了,原创-言情-近代现代-爱情,完结,485233,2019-03-08 11:07:09,女主,现言-青葱校园 之 IT大魔王,"中国大陆出版最新签约,繁体出版(港/台)签约,欧美出版签约,亚洲出版签约",已签约,829500,35354,617208,"7,692,007,936","天之骄子,甜文,校园,轻松",9.3,1547,76%,16%,6%,1%,1%
山柚子,和豪门大佬网恋后我红,原创-纯爱-近代现代-爱情,完结,465350,2022-11-10 00:05:07,主受,欲买桂花同载酒,"广播剧签约,中国大陆出版最新签约,港澳出版签约,亚洲出版签约",已签约,600884,130112,476907,"6,845,383,168","豪门世家,游戏网游,甜文,爽文,治愈,电竞",9.2,5072,67%,27%,5%,1%,0%
天在水,她是第三种绝色,原创-百合-近代现代-爱情,完结,470178,2025-06-08 22:13:17,互攻,04完结,"广播剧签约,中国大陆出版最新签约,亚洲出版签约",已签约,107140,16938,90305,"992,975,552","都市,情有独钟,穿越时空,业界精英,甜文,轻松",9.7,1052,88%,12%,1%,0%,0%
木瓜黄,伪装学渣,原创-纯爱-近代现代-爱情,完结,411939,2020-09-03 15:58:51,主受,完结了，挑着看吧,"影视签约,广播剧签约,中国大陆出版最新签约,繁体出版(港/台)签约,漫画签约,音乐签约,动画签约,亚洲出版签约,外文广播剧签约,衍生品签约,非大陆电视剧签约,非大陆网络剧签约",已签约,1973686,1075111,2046049,"24,666,411,008","花季雨季,欢喜冤家,甜文,轻松",9.7,27661,89%,8%,2%,0%,0%
惜禾,我的平安啊,原创-言情-近代现代-爱情,完结,194094,2025-09-28 20:28:25,女主,不想修文就锁了,亚洲出版签约,已签约,11196,2049,1625,"96,311,224","都市,情有独钟,轻松,治愈",9,2,50%,50%,0%,0%,0%
木甜,过秋天,原创-言情-近代现代-爱情,完结,120165,2022-11-28 17:26:00,女主,苦艾茶（BE） 之 秋枫,"中国大陆出版最新签约,亚洲出版签约",已签约,38937,1838,72712,"796,223,424","天之骄子,校园,正剧,暗恋",9,278,66%,24%,7%,2%,1%
艾鱼,秋橙,原创-言情-近代现代-爱情,完结,256713,2021-08-20 10:44:11,女主,春夏秋冬 之 不醒之梦,"中国大陆出版最新签约,亚洲出版签约",已签约,30691,3578,23673,"390,343,744","都市,情有独钟,破镜重圆,轻松",9.4,54,72%,26%,2%,0%,0%
落幕之舞,听，时光在唱歌,原创-百合-近代现代-爱情,完结,254703,2013-05-02 15:57:49,主攻,抽抽殿,亚洲出版签约,已签约,6942,1038,2301,"58,109,160","都市,情有独钟,轻松,HE",8.2,26,42%,27%,31%,0%,0%
雪山肥狐,残疾暴君的掌心鱼宠[,原创-纯爱-架空历史-爱情,完结,573572,2020-06-03 23:47:55,主受,下个开或正在开,"亚洲出版签约,欧美出版签约",已签约,100639,28684,34699,"907,805,248","生子,宫廷侯爵,穿书,萌宠,轻松",9.1,277,63%,31%,6%,0%,0%
张佳音,不患寡,原创-言情-架空历史-剧情,完结,383753,2022-10-03 12:00:00,女主,大邺,繁体出版(港/台)签约,已签约,54571,4700,21208,"221,156,960","情有独钟,穿越时空,轻松",8.5,112,37%,53%,11%,0%,0%
priest,默读,原创-纯爱-近代现代-悬疑,完结,824288,2016-06-15 11:00:00,主受,扯淡向咸蛋,"有声读物签约,动漫签约,影视签约,广播剧签约,亚洲出版签约,音乐签约,欧美出版签约",已签约,1527462,802220,1585880,"19,339,429,888","都市,悬疑推理,正剧",9.8,14512,93%,6%,1%,0%,0%
木苏里,判官,原创-纯爱-近代现代-奇幻,完结,539210,2020-04-28 00:01:07,不明,,"广播剧签约,动漫签约,中国大陆出版最新签约,亚洲出版签约,衍生品签约,繁体出版(港/台)签约,海外动画签约,海外漫画签约,外文广播剧签约,欧美出版签约",已签约,1463681,1304378,1525481,"39,632,584,704","强强,灵异神怪,轻松",9.8,23389,91%,8%,1%,0%,0%
小霄,百万UP学神天天演我,原创-纯爱-近代现代-爱情,完结,631579,2022-03-04 19:34:18,主受,四时无尽,"中国大陆出版最新签约,广播剧签约,衍生品签约,繁体出版(港/台)签约",已签约,492706,294147,436009,"10,985,566,208","情有独钟,甜文,直播,校园,轻松",9.5,6751,78%,18%,2%,0%,1%
映漾,消失点,原创-言情-近代现代-爱情,完结,332890,2024-11-28 20:00:00,双视角,都市爱情,繁体出版(港/台)签约,已签约,18225,35266,19335,"771,552,384","天作之合,职场,治愈",9.9,292,95%,4%,1%,0%,0%
殊娓,甜氧,原创-言情-近代现代-爱情,完结,291432,2021-10-08 09:52:19,女主,【你眸海温涟】完结文,"中国大陆出版最新签约,广播剧签约,亚洲出版签约,繁体出版(港/台)签约",已签约,325923,10464,310620,"4,081,096,192","情有独钟,天作之合,甜文,正剧",9.5,1537,78%,20%,2%,0%,0%
布丁琉璃,与宿敌成亲了,原创-言情-架空历史-爱情,完结,384283,2019-04-26 22:16:01,女主,甜甜的古言 之 傲娇与偏见,繁体出版(港/台)签约,已签约,93697,5605,49120,"810,450,112","欢喜冤家,近水楼台,甜文,正剧",9.2,161,66%,30%,4%,1%,0%
布丁琉璃,嫁给残疾首辅冲喜,原创-言情-架空历史-爱情,完结,353426,2020-07-21 16:13:11,女主,甜甜的古言 之 追妻火葬场,繁体出版(港/台)签约,已签约,71927,5161,48669,"805,493,312","欢喜冤家,破镜重圆,天作之合,婚恋,正剧",9.1,94,68%,23%,4%,2%,2%
从温,除我之外，全员主角,原创-言情-架空历史-仙侠,完结,749247,2022-08-09 21:07:18,女主,奇幻仙侠,"中国大陆出版最新签约,网络剧签约,广播剧签约,繁体出版(港/台)签约",已签约,759233,101402,444993,"5,061,024,768","情有独钟,仙侠修真,甜文,穿书,轻松",9,2744,58%,38%,4%,0%,0%
折纸为戏,我超喜欢你,原创-言情-近代现代-爱情,完结,220022,2022-04-22 21:23:50,女主,完结言情,"中国大陆出版最新签约,繁体出版(港/台)签约",已签约,7906,851,5230,"108,513,384","情有独钟,天作之合,甜文,校园,轻松",9.3,41,66%,34%,0%,0%,0%
帘十里,我们的夏天像电影,原创-言情-近代现代-爱情,完结,302934,2024-10-20 17:58:04,女主,苦柠檬,"中国大陆出版最新签约,亚洲出版签约",已签约,3445,672,4931,"135,391,664","情有独钟,校园,悲剧",10,2,100%,0%,0%,0%,0%
团子来袭,逐玉,原创-言情-架空历史-爱情,完结,869678,2023-02-16 08:07:42,女主,完结可宰,"中国大陆出版最新签约,电视剧签约,网络剧签约,衍生品签约,广播剧签约,繁体出版(港/台)签约",已签约,320197,49243,227292,"3,664,649,216","天作之合,穿越时空,甜文",9.3,510,69%,27%,3%,0%,0%
尾鱼,枭起青壤,原创-言情-近代现代-惊悚,完结,689997,2020-10-30 20:08:08,女主,奇情悬疑 之 深土,亚洲出版签约,已签约,360599,112719,228336,"2,430,952,448","惊悚,三教九流,异想天开,异闻传说,正剧",9.8,2214,90%,10%,0%,0%,0%
艽野君,全娱乐圈都求我闭嘴,原创-纯爱-近代现代-爱情,完结,396474,2020-08-03 03:00:00,主受,写完了,亚洲出版签约,已签约,128237,9935,57372,"594,127,488","灵异神怪,娱乐圈,打脸,甜文,轻松",8.1,312,26%,56%,15%,2%,0%
何所往,假孕兔子揣崽碰瓷,原创-纯爱-架空历史-爱情,完结,387203,2023-12-23 19:59:32,主受,生子文,亚洲出版签约,已签约,29894,4059,26046,"424,688,096","生子,欢喜冤家,仙侠修真,甜文,轻松",9,161,63%,27%,9%,1%,0%
棋异果,穿成影帝家的鹦鹉后我,原创-纯爱-近代现代-爱情,完结,718190,2023-03-10 18:03:56,主受,完结小树苗,亚洲出版签约,已签约,226312,47400,107199,"2,201,415,168","灵异神怪,穿越时空,甜文,萌宠,轻松",8.8,550,45%,49%,6%,0%,0%
葫芦酱,江医生他怀了死对头的,原创-纯爱-近代现代-爱情,完结,441309,2022-04-24 00:12:47,主受,BL,"中国大陆出版最新签约,广播剧签约,繁体出版(港/台)签约,港澳出版签约,亚洲出版签约,衍生品签约",已签约,817060,301133,709834,"7,227,899,904","强强,生子,业界精英,甜文,轻松",9.6,12309,83%,16%,1%,0%,0%
书归,朕的史官每天都在作死,原创-纯爱-架空历史-爱情,完结,514399,2016-07-01 11:11:25,不明,耽美长篇 之 帝史CP甜甜甜,亚洲出版签约,已签约,33931,4086,14523,"205,051,776","宫廷侯爵,情有独钟,欢喜冤家,天作之合,轻松",8,5,40%,20%,40%,0%,0%
顾了之,你是迟来的欢喜,原创-言情-近代现代-爱情,完结,261606,2024-12-21 20:00:54,女主,已完结现言 之 暗恋杀,"中国大陆出版最新签约,电视剧签约,网络剧签约,繁体出版(港/台)签约,亚洲出版签约",已签约,698743,41023,413031,"5,256,461,312","都市,情有独钟,甜文,轻松,暗恋",9.3,1740,69%,27%,4%,0%,0%
糖罐本罐,他觊觎兄长的小青梅,原创-言情-架空历史-爱情,完结,288552,2025-09-18 23:45:52,女主,完结,繁体出版(港/台)签约,已签约,4722,786,4827,"46,143,632","宫廷侯爵,情有独钟,青梅竹马,甜文,姐弟恋,暗恋",8.9,14,50%,43%,7%,0%,0%
西子绪,死亡万花筒,原创-纯爱-近代现代-爱情,完结,862263,2018-06-05 16:57:53,主受,我觉的我还可以抢救一下,"亚洲出版签约,中国大陆出版最新签约,影视签约,繁体出版(港/台)签约,动漫签约,广播剧签约,有声读物签约,欧美出版签约,衍生品签约",已签约,1746405,678120,1544140,"36,069,642,240","灵异神怪,乔装改扮,无限流,升级流,正剧",9.6,13696,85%,12%,2%,0%,1%
漫步长安,穿越之表妹不好当,原创-言情-架空历史-爱情,完结,509376,2024-10-27 10:45:55,女主,古代完结文,繁体出版(港/台)签约,已签约,9257,853,6375,"82,329,336","宫廷侯爵,天作之合,穿越时空,爽文",10,3,100%,0%,0%,0%,0%
森木666,非恋人关系,原创-纯爱-近代现代-爱情,完结,347142,2022-10-20 00:06:06,主受,人间风月事,繁体出版(港/台)签约,已签约,30208,2354,20377,"159,990,160","强强,年下,都市,因缘邂逅,轻松",9.2,74,64%,34%,3%,0%,0%
yespear,苹果核,原创-言情-近代现代-爱情,完结,290000,2025-04-08 00:28:51,女主,太陽雨 之 Cider,"中国大陆出版最新签约,亚洲出版签约",已签约,13867,2012,17379,"156,419,808","天之骄子,青梅竹马,娱乐圈,甜文,校园,暗恋",9.3,49,80%,12%,6%,0%,2%
木苏里,某某,原创-纯爱-近代现代-爱情,完结,451171,2019-10-27 00:18:23,不明,,"广播剧签约,中国大陆出版最新签约,有声读物签约,动漫签约,繁体出版(港/台)签约,影视签约,港澳出版签约,音乐签约,亚洲出版签约,衍生品签约,欧美出版签约,主题店签约,外文广播剧签约",已签约,2476382,2083856,2527876,"52,160,929,792","花季雨季,情有独钟,破镜重圆,校园,正剧",9.8,56928,94%,4%,1%,0%,1%
一十四洲,方尖碑,原创-纯爱-幻想未来-爱情,完结,1268393,2020-10-18 17:50:46,主攻,白玫瑰,"中国大陆出版最新签约,广播剧签约,繁体出版(港/台)签约",已签约,269466,341594,309883,"9,164,226,560","强强,魔幻,无限流,正剧",9.4,811,78%,15%,5%,1%,1%
艾鱼,吻杏,原创-言情-近代现代-爱情,完结,319448,2022-02-15 00:55:14,女主,春夏秋冬 之 天然克傲娇,"中国大陆出版最新签约,亚洲出版签约",已签约,37109,6378,29392,"501,178,368","天之骄子,甜文,轻松,日常,傲娇",9.2,97,66%,30%,3%,1%,0%
稚楚,你的雪人能活多久,原创-纯爱-近代现代-爱情,完结,535623,2025-02-24 21:26:11,双视角,舒芙蕾,"广播剧签约,衍生品签约,中国大陆出版最新签约,亚洲出版签约",已签约,712146,2192620,745169,"21,814,773,760","情有独钟,欢喜冤家,ABO,先婚后爱",9.8,8671,91%,8%,1%,0%,0%
将月去,穿成女主丫鬟后我躺平,原创-言情-架空历史-爱情,完结,779727,2022-08-07 20:16:10,女主,月亮果22,繁体出版(港/台)签约,已签约,319524,20407,119900,"1,019,065,984","天作之合,穿越时空,甜文,穿书,正剧,综艺",8.5,347,34%,57%,9%,0%,0%
肉包不吃肉,病案本,原创-纯爱-近代现代-爱情,完结,1405680,2021-08-12 22:03:52,不明,已完结,"中国大陆出版最新签约,广播剧签约,亚洲出版签约,繁体出版(港/台)签约,衍生品签约,欧美出版签约",已签约,294638,277858,414925,"2,842,233,344","年下,都市,虐文,异能,正剧",9.8,1664,94%,5%,1%,0%,0%
肉包不吃肉,余污,原创-纯爱-架空历史-爱情,完结,927076,2018-12-31 22:06:52,主攻,已完结,"中国大陆出版最新签约,繁体出版(港/台)签约,亚洲出版签约,欧美出版签约",未签约,112460,102664,313907,"1,626,006,912","年下,虐文,破镜重圆,仙侠修真,正剧",9.6,1541,84%,12%,3%,1%,0%
殊娓,甜氧,原创-言情-近代现代-爱情,完结,291432,2021-10-08 09:52:19,女主,【你眸海温涟】完结文,"中国大陆出版最新签约,广播剧签约,亚洲出版签约,繁体出版(港/台)签约",已签约,325923,10464,310620,"4,081,096,192","情有独钟,天作之合,甜文,正剧",9.5,1537,78%,20%,2%,0%,0%
梦溪石,无双,原创-纯爱-古色古香-传奇,完结,697276,2019-10-17 15:40:46,主受,耽美 之 剑胆琴心,"繁体出版(港/台)签约,亚洲出版签约,动漫签约,中国大陆出版最新签约,影视签约,广播剧签约,有声读物签约,欧美出版签约",已签约,333897,178335,333119,"5,880,501,760","江湖,悬疑推理,朝堂,美强惨,傲娇",9.7,2305,86%,12%,1%,0%,0%
比粥温柔,世子夫人和离之后,原创-言情-架空历史-爱情,完结,416592,2024-10-15 12:35:34,女主,已煮好的粥~,繁体出版(港/台)签约,已签约,15467,563,12389,"126,418,608","情有独钟,打脸,爽文,万人迷,追爱火葬场",8.7,3,33%,67%,0%,0%,0%
寒雾隐,漂亮小瞎子也要被炮灰,原创-纯爱-近代现代-爱情,完结,329383,2025-01-09 00:17:48,主受,一碗蜜饯,繁体出版(港/台)签约,已签约,299030,73167,275164,"2,087,642,752","情有独钟,系统,甜文,现代架空,炮灰,救赎",9.4,1090,75%,21%,4%,0%,0%
岁欲,病症,原创-言情-近代现代-爱情,完结,499209,2023-06-12 01:22:38,女主,已完结 之 十三级,亚洲出版签约,已签约,27399,5234,30054,"504,973,376","都市,天之骄子,正剧",9.6,68,81%,18%,1%,0%,0%
殊晚,翻涌,原创-言情-近代现代-爱情,完结,586946,2023-01-13 23:57:25,女主,仲夏夜,"中国大陆出版最新签约,亚洲出版签约",已签约,102308,2333,97516,"609,877,568","都市,情有独钟,天之骄子,业界精英,正剧",9.3,102,77%,16%,3%,1%,3%
姜之鱼,宠钦,原创-言情-近代现代-爱情,完结,283595,2022-09-12 23:15:09,女主,校园文,亚洲出版签约,已签约,33360,7793,24685,"975,767,296","情有独钟,重生,甜文,校园,轻松",9.2,106,64%,33%,3%,0%,0%
八斤蜜柑,等风也等你,原创-言情-近代现代-爱情,完结,459112,2023-05-31 18:00:00,女主,连载,亚洲出版签约,已签约,165720,3534,125286,"874,063,232","情有独钟,破镜重圆,天作之合,励志,甜文",9,102,64%,27%,5%,4%,0%
吞鱼,和灵异故事男主he了,原创-言情-幻想未来-爱情,完结,191020,2024-07-23 00:12:45,女主,2024年的年度计划,亚洲出版签约,已签约,58585,25552,56781,"1,053,973,632","情有独钟,甜文,轻松,单元文",9.5,436,79%,20%,1%,0%,0%
叶惜语,甜药,原创-言情-近代现代-爱情,完结,380914,2020-07-25 00:07:20,女主,贩卖少女心【言情】,"中国大陆出版最新签约,亚洲出版签约",已签约,129104,22909,49172,"697,508,928","情有独钟,天之骄子,甜文,校园,轻松",9.8,581,91%,7%,2%,0%,0%
梦筱二,先婚后爱,原创-言情-近代现代-爱情,完结,447910,2022-04-11 20:00:01,女主,2022年完结,"亚洲出版签约,中国大陆出版最新签约",已签约,469822,118949,363217,"6,224,306,688","强强,豪门世家,婚恋,业界精英,甜文,先婚后爱",9,788,60%,33%,6%,1%,0%
梦筱二,就这样恋着你,原创-言情-近代现代-爱情,完结,417228,2017-12-15 20:00:00,女主,已完结三,"中国大陆出版最新签约,亚洲出版签约",已签约,357239,77523,148502,"3,414,215,168","豪门世家,情有独钟,业界精英,甜文,正剧,高岭之花",9.5,253,75%,23%,2%,0%,0%
姑娘别哭,话痨小姐,原创-言情-近代现代-爱情,完结,560558,2022-04-18 07:50:20,不明,早春三部曲,"电视剧签约,网络剧签约,中国大陆出版最新签约,亚洲出版签约",已签约,169602,48766,143349,"2,627,605,504","情有独钟,欢喜冤家,天之骄子,爆笑",9.6,329,83%,15%,1%,0%,1%
叶惜语,闪耀的他,原创-言情-近代现代-爱情,完结,392260,2020-02-21 08:12:37,女主,贩卖少女心【言情】,"中国大陆出版最新签约,亚洲出版签约",已签约,81941,2155,24035,"260,683,968","都市,甜文,校园,轻松",8.9,52,60%,29%,10%,2%,0%
梦筱二,以爱为名,原创-言情-近代现代-爱情,完结,304063,2024-10-22 20:00:00,女主,2024年完结,亚洲出版签约,已签约,240764,176648,202663,"4,271,760,128","都市,豪门世家,情有独钟,业界精英,甜文,先婚后爱",9.5,781,80%,16%,3%,0%,0%
一十四洲,小蘑菇,原创-纯爱-幻想未来-科幻,完结,313923,2019-10-22 02:17:10,主受,红玫瑰,"中国大陆出版最新签约,广播剧签约,漫画签约,电影签约,网络剧签约,动画签约,有声读物签约,亚洲出版签约,欧美出版签约,衍生品签约,漫画线下活动签约,繁体出版(港/台)签约,游戏签约",已签约,1467873,455392,1322151,"22,726,635,520","科幻,末世,正剧,废土",9.8,29624,91%,8%,1%,0%,0%
宁寗,换妾,原创-言情-架空历史-爱情,完结,411512,2023-03-07 21:24:18,不明,修得圆满,繁体出版(港/台)签约,已签约,20651,1225,10751,"92,237,680","情有独钟,因缘邂逅,天作之合,正剧",8.7,19,53%,32%,16%,0%,0%
观樱,鸳鸯错,原创-言情-架空历史-爱情,完结,395829,2025-10-16 21:21:41,女主,最新完结,繁体出版(港/台)签约,已签约,4769,424,4531,"53,629,796","天作之合,种田文,美食,先婚后爱,追爱火葬场",8.9,14,50%,43%,7%,0%,0%
孤猪一炙,和离后她养了外室,原创-言情-架空历史-爱情,完结,370775,2022-11-20 15:36:40,女主,这绝对好看,繁体出版(港/台)签约,已签约,21675,622,10361,"81,337,008","宫廷侯爵,布衣生活,天作之合,甜文,轻松,治愈",8.2,38,29%,50%,21%,0%,0%
priest,默读,原创-纯爱-近代现代-悬疑,完结,824288,2016-06-15 11:00:00,主受,扯淡向咸蛋,"有声读物签约,动漫签约,影视签约,广播剧签约,亚洲出版签约,音乐签约,欧美出版签约",已签约,1527462,802220,1585880,"19,339,429,888","都市,悬疑推理,正剧",9.8,14512,93%,6%,1%,0%,0%
priest,残次品,原创-纯爱-幻想未来-传奇,完结,989052,2017-04-06 11:00:22,主受,扯淡向咸蛋,"中国大陆出版最新签约,广播剧签约,动漫签约,游戏签约,亚洲出版签约,港澳出版签约,欧美出版签约",已签约,797482,653592,835952,"14,638,649,344","三教九流,未来架空,星际,正剧",9.8,6795,94%,5%,1%,0%,0%
向远飞,拜我，我让你发财,原创-纯爱-幻想未来-爱情,完结,282417,2022-05-06 15:55:48,主受,已写完的小甜甜 之 小甜文,亚洲出版签约,已签约,58948,6778,28222,"455,647,200","古穿今,星际,甜文,未来架空,轻松",8.6,334,38%,56%,6%,0%,0%
priest,太岁,原创-无CP-架空历史-奇幻,完结,1183955,2021-04-26 11:17:42,男主,全年龄&言情 之 立春,"中国大陆出版最新签约,欧美出版签约",已签约,475930,462700,438409,"9,921,084,416","幻想空间,魔幻,科幻,古代幻想,正剧",9.9,3738,94%,5%,1%,0%,0%
雾圆,刺棠,原创-言情-架空历史-爱情,完结,468732,2023-07-21 20:32:22,女主,春江花月,"中国大陆出版最新签约,电视剧签约,网络剧签约,衍生品签约,亚洲出版签约",已签约,96525,14432,98253,"871,595,008","破镜重圆,乔装改扮,正剧,美强惨",9.5,350,76%,22%,2%,0%,0%
稚楚,恒星时刻,原创-纯爱-近代现代-爱情,完结,780069,2024-10-13 13:28:52,双视角,馥芮白,"广播剧签约,中国大陆出版最新签约,亚洲出版签约,衍生品签约",已签约,420203,2184453,528774,"20,251,095,040","强强,情有独钟,天作之合,正剧",9.9,11001,94%,5%,0%,0%,0%
睡芒,满天星,原创-纯爱-近代现代-爱情,完结,390516,2020-08-17 13:57:30,主受,已完结 之 1,"中国大陆出版最新签约,广播剧签约,亚洲出版签约",已签约,460580,147247,303023,"6,360,181,760","豪门世家,情有独钟,天之骄子,甜文,爆笑",9.2,3372,69%,25%,5%,1%,1%
时有幸,网恋到顶头上司了！,原创-纯爱-近代现代-爱情,完结,588029,2024-04-11 19:09:42,主受,追逐蝴蝶,繁体出版(港/台)签约,已签约,170985,60005,131153,"2,539,775,488","情有独钟,天作之合,天之骄子,业界精英,甜文,轻松",9.6,1339,83%,15%,1%,0%,0%
毛球球o,拿捏声控的正确方式,原创-纯爱-近代现代-爱情,完结,347889,2024-03-30 10:44:05,主受,成品毛球,"广播剧签约,中国大陆出版最新签约,繁体出版(港/台)签约",已签约,203453,192273,177024,"2,638,586,880","欢喜冤家,天作之合,甜文,校园,沙雕",9.2,4141,73%,20%,2%,1%,4%
大南南,摆摊养崽日常,原创-言情-架空历史-爱情,完结,247430,2024-11-06 00:00:01,女主,连载,繁体出版(港/台)签约,已签约,2314,246,1552,"35,091,860","穿越时空,种田文,重生,励志,甜文",9,4,75%,0%,25%,0%,0%
橙与白,姜四娘重生日常,原创-言情-架空历史-爱情,完结,498335,2024-12-31 12:48:18,女主,古代完结3,繁体出版(港/台)签约,已签约,14338,2175,10327,"198,135,408","宫廷侯爵,重生,甜文,爽文,轻松,日常",8.4,5,40%,40%,20%,0%,0%
龙家小鲤,带着老宅在古代养崽,原创-言情-架空历史-爱情,完结,441198,2022-10-26 00:00:00,女主,古代穿越,繁体出版(港/台)签约,已签约,4221,155,1001,"21,285,206","布衣生活,前世今生,随身空间,穿越时空,基建,轻松",8,1,0%,100%,0%,0%,0%
两朵小花,穿越之山居悠闲日常,原创-言情-架空历史-爱情,完结,265094,2025-02-21 11:24:39,女主,已完结,繁体出版(港/台)签约,已签约,2918,155,1430,"20,265,992","穿越时空,种田文,甜文,市井生活,经营",8,3,0%,100%,0%,0%,0%
鹊经年,回到全家灭门前,原创-言情-架空历史-爱情,完结,245855,2024-09-15 18:11:51,女主,完结果,繁体出版(港/台)签约,已签约,380,11,289,"14,583,844","宫廷侯爵,天作之合,重生,甜文,复仇虐渣,HE",8,1,0%,100%,0%,0%,0%
桃花白茶,小红娘,原创-言情-架空历史-爱情,完结,344210,2024-10-17 11:34:40,女主,强迫症001,繁体出版(港/台)签约,已签约,5987,1151,3400,"97,935,552","穿越时空,重生,美食,轻松",7.3,14,14%,43%,36%,7%,0%
兮鼠,错成少年帝师的早死原,原创-言情-架空历史-爱情,完结,276744,2024-09-17 09:05:58,女主,种树中,繁体出版(港/台)签约,已签约,4552,179,2762,"47,984,916","天作之合,美食,甜文,穿书,成长,日常",9.3,3,67%,33%,0%,0%,0%
玉寺人,痛症,原创-言情-近代现代-爱情,完结,415749,2023-03-07 00:37:12,女主,【林澜】,"中国大陆出版最新签约,亚洲出版签约",已签约,163502,6232,125679,"1,506,170,624","校园,暗恋",8.9,125,57%,34%,7%,2%,0%
红刺北,将错就错,原创-言情-近代现代-爱情,完结,363666,2022-06-17 12:39:10,女主,研究感情,"中国大陆出版最新签约,广播剧签约,亚洲出版签约",已签约,473563,94236,285295,"5,431,113,728","都市,阴差阳错,天之骄子,甜文,轻松",9.1,2299,60%,35%,5%,0%,0%
扶华,穿越到四十年后爱人变,原创-言情-幻想未来-爱情,完结,164004,2020-12-05 15:08:27,女主,完结 之 言情,"中国大陆出版最新签约,亚洲出版签约",已签约,532266,47563,227017,"4,174,513,408","情有独钟,穿越时空,婚恋,甜文,正剧",9.7,5132,89%,9%,1%,0%,0%
觉初,听说你很难追,原创-纯爱-近代现代-爱情,完结,115075,2025-05-17 00:21:29,双视角,听说三部曲,"中国大陆出版最新签约,欧美出版签约,亚洲出版签约",已签约,174895,87973,176367,"2,163,027,968","花季雨季,甜文,校园,轻松,BE",9,4214,69%,19%,7%,2%,3%
璟梧,总有老师要请家长,原创-百合-近代现代-爱情,完结,515121,2021-08-28 14:08:56,互攻,已完结,"广播剧签约,中国大陆出版最新签约,繁体出版(港/台)签约,漫画签约,亚洲出版签约",已签约,359497,39952,238408,"2,156,998,656","都市,因缘邂逅,轻松",9.6,1817,83%,13%,3%,0%,0%
竹已,总有颗星星在跟踪我,原创-言情-近代现代-爱情,完结,171690,2020-10-25 21:11:53,女主,攒一袋糖,"中国大陆出版最新签约,亚洲出版签约",已签约,40712,791,36078,"1,900,924,672","幻想空间,破镜重圆,娱乐圈,轻松",8.6,52,52%,37%,6%,2%,4%
芷衣,咸鱼小丧尸[无限],原创-纯爱-近代现代-爱情,完结,1103641,2024-07-15 00:14:35,主受,无限流 之 1,"繁体出版(港/台)签约,亚洲出版签约",已签约,560576,95172,364982,"6,427,522,048","灵异神怪,无限流,系统,轻松,咸鱼",9,2214,57%,37%,5%,0%,0%
猎人瞳,碳酸危机,原创-纯爱-近代现代-爱情,完结,111370,2022-12-19 07:25:30,双视角,苹果树,"中国大陆出版最新签约,港澳出版签约",已签约,5534,84,1821,"97,808,928","情有独钟,天作之合,腹黑,傲娇",9.8,50,88%,12%,0%,0%,0%
发电姬,小平安,原创-言情-古色古香-爱情,完结,358900,2024-12-29 23:35:38,女主,古言儿,繁体出版(港/台)签约,已签约,121810,14196,80810,"724,904,448","宫廷侯爵,情有独钟,甜文,轻松",9.1,196,64%,29%,5%,2%,0%
关尼尼,自己的老婆自己养,原创-纯爱-近代现代-爱情,完结,425197,2023-10-21 18:05:58,主受,甜文,"广播剧签约,中国大陆出版最新签约,亚洲出版签约",已签约,738828,87387,405211,"3,945,253,632","豪门世家,青梅竹马,甜文,校园,轻松",9.2,3172,67%,29%,4%,0%,0%
翡酌,被标记的Alpha超难哄,原创-纯爱-近代现代-爱情,完结,320982,2025-01-13 20:21:41,主受,ovo可以一看捏,亚洲出版签约,已签约,141125,5338,76305,"1,009,998,912","强强,幻想空间,情有独钟,校园,ABO,轻松",9.2,795,62%,34%,3%,0%,0%
葫芦酱,江医生他怀了死对头的,原创-纯爱-近代现代-爱情,完结,441309,2022-04-24 00:12:47,主受,BL,"中国大陆出版最新签约,广播剧签约,繁体出版(港/台)签约,港澳出版签约,亚洲出版签约,衍生品签约",已签约,817060,301133,709834,"7,227,899,904","强强,生子,业界精英,甜文,轻松",9.6,12309,83%,16%,1%,0%,0%
几京,渐入佳境,原创-纯爱-近代现代-爱情,完结,264403,2025-01-03 01:01:39,双视角,序章,港澳出版签约,已签约,50432,22774,52712,"641,875,072","年下,情有独钟",9.5,216,75%,23%,2%,0%,0%
几京,同学婚约,原创-纯爱-近代现代-爱情,完结,236166,2021-10-09 21:07:25,双视角,序章,"港澳出版签约,亚洲出版签约,中国大陆出版最新签约,繁体出版(港/台)签约",已签约,218236,29794,161338,"1,504,246,784","都市,情有独钟,婚恋,甜文,轻松",9.3,2070,66%,31%,3%,0%,0%
境风,沙山早月,原创-纯爱-近代现代-爱情,完结,238195,2024-10-23 12:00:00,双视角,那一个时空,"中国大陆出版最新签约,港澳出版签约",已签约,44496,59655,61687,"1,365,181,568","强强,情有独钟,天作之合,甜文,轻松,公路文",9.9,1848,95%,5%,0%,0%,0%
苦司,高烧不退,原创-纯爱-近代现代-爱情,完结,183224,2024-08-22 23:01:10,主受,2024,"中国大陆出版最新签约,港澳出版签约",已签约,94552,12862,75153,"545,965,952","都市,情有独钟,轻松,忠犬",9.3,827,71%,25%,4%,0%,0%
鳄人行山,二次元社恐也要谈恋爱,原创-纯爱-近代现代-爱情,完结,560624,2022-07-21 23:26:44,主受,二次元基佬们,"中国大陆出版最新签约,港澳出版签约",已签约,120335,45989,85567,"1,500,344,064","职场,业界精英,甜文,网红,轻松",9.3,1357,67%,31%,2%,0%,0%
三山禅,归妹,原创-言情-架空历史-爱情,完结,412293,2024-11-22 06:00:00,女主,古言完结,繁体出版(港/台)签约,已签约,534,24,326,"19,741,484","宫廷侯爵,甜文,爽文,轻松",暂无,0,0%,0%,0%,0%,0%
苍梧宾白,黄金台,原创-纯爱-架空历史-爱情,完结,312974,2018-12-19 14:53:01,主受,古耽-真是头铁 之 先婚后爱,"繁体出版(港/台)签约,中国大陆出版最新签约,亚洲出版签约,欧美出版签约",已签约,377458,102342,367857,"3,823,941,632","宫廷侯爵,情有独钟,正剧,先婚后爱",9.4,3666,76%,20%,3%,0%,0%
雪山肥狐,将军攻略,原创-纯爱-架空历史-爱情,完结,400887,2019-03-25 20:33:26,主受,古耽（已完结）,亚洲出版签约,已签约,12669,804,7155,"133,413,552","强强,宫廷侯爵,重生,爽文,正剧",8.3,55,33%,47%,20%,0%,0%
凉蝉,非正常海域2：如渊,原创-纯爱-近代现代-爱情,完结,700107,2024-04-22 20:10:07,主受,日更中,未签约,已签约,8141,16640,11747,"343,065,952","情有独钟,现代架空,异想天开,轻松,群像,哨向",9.2,72,74%,15%,7%,4%,0%
故筝,皇后她作天作地（穿书,原创-言情-架空历史-爱情,完结,528122,2021-01-30 19:59:18,女主,,"漫画签约,动态漫画签约,亚洲出版签约",已签约,352461,31363,128029,"2,189,364,736","宫廷侯爵,穿越时空,甜文,穿书,轻松",8.9,883,53%,40%,6%,1%,0%
在酒,世子爷心眼忒小,原创-言情-架空历史-爱情,完结,302438,2023-12-15 15:40:00,女主,数个一二三四五 2024,繁体出版(港/台)签约,已签约,3282,997,2833,"41,614,540","欢喜冤家,甜文",9.5,22,73%,27%,0%,0%,0%
桃花露,穿去古代做美妆,原创-言情-架空历史-爱情,完结,745002,2025-01-07 09:34:10,女主,古代文,繁体出版(港/台)签约,已签约,22010,3135,6930,"310,738,240","情有独钟,天作之合,穿越时空,轻松",8.8,33,52%,36%,12%,0%,0%
淮上,洄天,原创-纯爱-近代现代-奇幻,完结,709033,2022-12-17 08:07:43,不明,硕果仅存,"广播剧签约,外文广播剧签约,中国大陆出版最新签约,亚洲出版签约,衍生品签约",已签约,1382024,991614,1062410,"27,385,167,872","强强,异能,现代架空,悬疑推理,正剧,HE",9.7,10109,88%,10%,1%,0%,0%
番大王,去你的岛,原创-言情-幻想未来-爱情,完结,190656,2020-08-03 22:49:35,女主,长篇 之 完结,"中国大陆出版最新签约,影视签约,动画签约,广播剧签约,衍生品签约,亚洲出版签约",已签约,272593,23590,307789,"2,038,439,808","成长,异想天开,奇谭,正剧",9.7,3799,87%,11%,2%,0%,0%
喜马拉雅种猫,协议冥婚，了解一下？,原创-纯爱-近代现代-爱情,完结,501661,2025-01-28 09:39:43,主受,霸道老龙爱上狐,繁体出版(港/台)签约,已签约,29480,7787,30956,"550,231,360","灵异神怪,天作之合,娱乐圈,甜文,先婚后爱",9,45,53%,42%,4%,0%,0%
十月海,乱世小药铺,原创-言情-架空历史-爱情,完结,678883,2024-02-26 10:28:39,女主,大兴土木（连载）,繁体出版(港/台)签约,已签约,10759,2831,5808,"112,967,632","强强,天作之合,穿越时空,种田文,穿书",8.7,12,50%,33%,17%,0%,0%
若星若辰,给躁郁Alpha当抚慰剂,原创-纯爱-幻想未来-爱情,完结,471975,2021-01-03 00:50:59,主受,小狗星,"欧美出版签约,繁体出版(港/台)签约",已签约,240713,39086,121071,"2,255,262,208","甜文,校园,ABO,轻松",9.4,1122,77%,20%,2%,1%,1%
七杯酒,嫁玉郎,原创-言情-架空历史-爱情,完结,461068,2024-11-06 09:44:16,女主,2024,繁体出版(港/台)签约,已签约,89509,13014,92937,"1,249,178,880","情有独钟,天作之合,婚恋,成长,先婚后爱,追爱火葬场",9.1,144,66%,26%,7%,1%,1%
简小酌,重欢,原创-言情-架空历史-爱情,完结,553164,2023-08-17 08:58:44,女主,新文施工中,繁体出版(港/台)签约,已签约,86281,7991,66339,"656,405,504","情有独钟,天作之合,甜文,爽文,正剧",8.9,59,49%,49%,2%,0%,0%
小孩爱吃糖,病弱反派饲养指南,原创-言情-近代现代-爱情,完结,446852,2022-08-14 11:05:42,女主,完结可看,"中国大陆出版最新签约,亚洲出版签约",已签约,602717,50697,213384,"3,196,047,360","打脸,穿书,爽文,轻松",9.2,1134,68%,26%,5%,0%,0%
priest,镇魂,原创-纯爱-近代现代-爱情,完结,465951,2019-01-24 12:14:06,主受,扯淡向咸蛋,"游戏签约,影视签约,繁体出版(港/台)签约,亚洲出版签约,外文广播剧签约,欧美出版签约",已签约,1107035,166892,814861,"9,471,793,152","强强,灵异神怪,现代架空,正剧",9.7,4707,89%,9%,1%,0%,0%
梦溪石,千秋,原创-纯爱-架空历史-传奇,完结,637592,2023-11-14 03:34:06,主受,耽美 之 剑胆琴心,"中国大陆出版最新签约,繁体出版(港/台)签约,游戏签约,动漫签约,广播剧签约,亚洲出版签约,影视签约,有声读物签约,欧美出版签约",已签约,455755,124172,426678,"6,267,686,912","江湖,正剧,美强惨,群像",9.7,3473,86%,12%,1%,0%,0%
请君莫笑,泾渭情殇,原创-百合-架空历史-剧情,完结,1145110,2019-02-09 21:15:25,主攻,【完结请宰杀】,"广播剧签约,动画签约,亚洲出版签约,中国大陆出版最新签约,衍生品签约,欧美出版签约",已签约,98914,38207,92904,"1,487,792,256","宫廷侯爵,虐文,乔装改扮,正剧,权谋",9.8,360,91%,8%,1%,0%,1%
咖啡色的团子,穿到反派破产后,原创-纯爱-近代现代-爱情,完结,222121,2020-08-26 21:52:08,主受,剧-爽歪歪,繁体出版(港/台)签约,已签约,56184,5602,24005,"299,058,496","幻想空间,情有独钟,娱乐圈,甜文,轻松",8.8,368,49%,43%,7%,1%,0%
绿野千鹤,再少年,原创-纯爱-近代现代-爱情,完结,374334,2023-11-09 11:00:00,主攻,咸蛋,亚洲出版签约,已签约,150635,84054,129630,"3,850,194,944","年下,恋爱合约,沙雕,纸片人,app",9.4,1158,73%,25%,2%,0%,0%
一十四洲,一剑九琊,原创-纯爱-架空历史-仙侠,完结,256345,2020-05-15 09:12:04,主受,白玫瑰,"中国大陆出版最新签约,亚洲出版签约",已签约,127974,13512,112190,"2,995,999,744","强强,情有独钟,前世今生,仙侠修真,正剧",9.2,1142,70%,23%,6%,0%,1%
鳄人行山,谁说老二次元不能结婚,原创-纯爱-近代现代-爱情,完结,544026,2023-08-18 17:14:07,主受,二次元基佬们,"广播剧签约,中国大陆出版最新签约,港澳出版签约",已签约,512277,204175,296269,"6,005,572,096","都市,婚恋,甜文,校园,轻松,先婚后爱",9.5,3941,76%,22%,1%,0%,0%
微风几许,薄雾［无限］,原创-纯爱-幻想未来-爱情,完结,432403,2020-06-29 16:32:09,主受,冷杉,"中国大陆出版最新签约,广播剧签约,漫画签约,港澳出版签约,繁体出版(港/台)签约,动态漫画签约,亚洲出版签约,欧美出版签约",已签约,675823,151336,554448,"9,276,014,592","强强,科幻,穿越时空,无限流,正剧",9.6,6971,83%,16%,1%,0%,0%
封玖,宿敌他又甜又粘[重生],原创-纯爱-近代现代-爱情,完结,220125,2019-05-13 09:00:00,主受,老夫老妻了,亚洲出版签约,已签约,166585,9008,56864,"703,248,768","强强,豪门世家,重生,甜文,轻松",8.8,368,50%,40%,7%,1%,1%
木苏里,一级律师[星际],原创-纯爱-幻想未来-传奇,完结,753025,2018-02-19 03:29:05,不明,,"亚洲出版签约,繁体出版(港/台)签约,漫画签约,广播剧签约,中国大陆出版最新签约,欧美出版签约,衍生品签约",已签约,758996,400301,889636,"19,304,945,664","强强,情有独钟,星际,未来架空,正剧",9.7,8794,90%,9%,1%,0%,0%
猫茶海狸,置换凶途,原创-纯爱-近代现代-悬疑,完结,396094,2020-12-24 18:32:04,主受,刑侦悬疑,"港澳出版签约,广播剧签约,亚洲出版签约,中国大陆出版最新签约",已签约,40602,13187,58301,"482,888,768","强强,年下,业界精英,悬疑推理,异闻传说,烧脑",9.5,777,78%,18%,3%,0%,0%
木苏里,铜钱龛世,原创-纯爱-架空历史-奇幻,完结,394108,2016-10-20 21:40:33,主受,,"中国大陆出版最新签约,繁体出版(港/台)签约,亚洲出版签约,广播剧签约,漫画签约,港澳出版签约,影视签约,欧美出版签约",已签约,621713,111733,684405,"14,193,152,000","强强,灵异神怪,情有独钟,欢喜冤家,正剧",9.6,5793,83%,15%,2%,0%,1%
布丁琉璃,他从凛冬来[救赎],原创-言情-近代现代-爱情,完结,297377,2021-10-16 20:11:55,女主,五块钱买不了吃亏 之 现言,中国大陆出版最新签约,已签约,17056,1265,13233,"372,318,080","花季雨季,情有独钟,天之骄子,青梅竹马,正剧,救赎",8.9,54,48%,46%,6%,0%,0%
边巡,生而为王,原创-无CP-幻想未来-轻小说,完结,595282,2024-07-28 17:57:11,男主,撒土中,繁体出版(港/台)签约,已签约,272147,58273,128410,"1,685,996,288","魔幻,星际,异想天开,史诗奇幻,正剧",9.3,2043,70%,28%,2%,0%,0%
梅子刀,小游园,原创-言情-近代现代-爱情,完结,451626,2025-06-06 20:27:32,女主,借春光,"网络剧签约,广播剧签约,中国大陆出版最新签约,繁体出版(港/台)签约,亚洲出版签约",已签约,174507,56120,170479,"2,718,365,952","欢喜冤家,成长,校园,日常,中二",9.8,2355,91%,8%,1%,0%,0%
七宝酥,国王长着驴耳朵,原创-言情-近代现代-爱情,完结,253528,2023-05-02 11:22:18,女主,写完啦,"电视剧签约,网络剧签约,中国大陆出版最新签约,繁体出版(港/台)签约",已签约,225989,81203,130785,"3,157,998,080","天之骄子,甜文,校园,轻松",9.5,718,77%,21%,2%,0%,0%
耳东兔子,陷入我们的热恋,原创-言情-近代现代-爱情,完结,478277,2021-08-05 14:57:44,女主,2025 之 强强,"电视剧签约,网络剧签约,广播剧签约,亚洲出版签约,衍生品签约,繁体出版(港/台)签约",已签约,1214452,275431,1056268,"15,988,952,064","天之骄子,励志,甜文,轻松",9.8,10574,92%,7%,1%,0%,0%
六盲星,落日淌火,原创-言情-近代现代-爱情,完结,319295,2023-02-07 18:00:00,女主,2022-2023完结文,"中国大陆出版最新签约,繁体出版(港/台)签约",已签约,163518,18547,123414,"1,854,157,056","都市,情有独钟,天之骄子,甜文,正剧",8.8,291,50%,41%,8%,1%,0%
与神同行,漫画炮灰想成为人气王,原创-无CP-幻想未来-剧情,完结,421769,2025-10-07 17:52:49,男主,完结文,繁体出版(港/台)签约,已签约,113090,16523,58114,"487,721,312","异能,未来架空,爽文,逆袭,轻松,炮灰",9.1,1129,58%,39%,3%,0%,0%
西菁,春情薄,原创-言情-架空历史-爱情,完结,403188,2025-04-24 21:04:09,女主,完结——古言,繁体出版(港/台)签约,已签约,28067,1127,22462,"283,213,504",破镜重圆,9.2,36,72%,19%,6%,3%,0%
花色满京,惊悚之书（无限流）,原创-纯爱-近代现代-惊悚,完结,355413,2023-03-27 11:15:33,主受,完结文,亚洲出版签约,已签约,81127,5437,37041,"282,732,480","灵异神怪,惊悚,无限流,异闻传说,正剧",8.8,223,53%,36%,9%,2%,0%
榆鱼,我又弄崩了校园怪谈[,原创-纯爱-近代现代-爱情,完结,820227,2022-09-08 00:51:21,主受,耽美耽美耽美,"繁体出版(港/台)签约,中国大陆出版最新签约,亚洲出版签约",已签约,421394,87375,361423,"5,132,641,792","强强,灵异神怪,无限流,爽文,正剧",9,2260,57%,35%,6%,1%,0%
苏城哑人,民国妖道,原创-纯爱-近代现代-爱情,完结,263474,2018-04-12 14:36:43,主攻,完结文,"港澳出版签约,亚洲出版签约",已签约,57285,3809,26330,"278,854,080","灵异神怪,民国,婚恋,甜文,轻松",9,196,59%,34%,7%,1%,0%
西西特,今天你撒谎了吗,原创-纯爱-近代现代-悬疑,完结,513595,2018-02-03 10:22:48,主受,不断作死的悬疑系列 之 强强,亚洲出版签约,已签约,103751,18402,57191,"1,194,006,144","现代架空,悬疑推理,轻松",9,139,61%,31%,6%,1%,1%
宁寗,寡妇有喜,原创-言情-架空历史-爱情,完结,362603,2022-01-27 17:38:49,不明,修得圆满,繁体出版(港/台)签约,已签约,52990,1975,20827,"231,175,280","宫廷侯爵,天作之合,种田文,甜文,正剧",8.7,34,35%,65%,0%,0%,0%
张佳音,继母不慈,原创-言情-架空历史-剧情,完结,570436,2022-09-27 11:35:34,女主,大邺,"中国大陆出版最新签约,繁体出版(港/台)签约",已签约,474711,45280,214615,"1,759,900,800","穿越时空,轻松",8.9,1497,49%,45%,5%,0%,0%
关心则乱,知否？知否？应是绿肥,原创-言情-架空历史-传奇,完结,1375211,2010-11-29 13:54:06,女主,古典式种田与梦里吴钩,"中国大陆出版最新签约,繁体出版(港/台)签约,影视签约,有声读物签约,游戏签约,亚洲出版签约,欧美出版签约",已签约,1493066,142608,316624,"5,592,364,032",穿越时空,9.3,892,73%,20%,5%,0%,1%
priest,镇魂,原创-纯爱-近代现代-爱情,完结,465951,2019-01-24 12:14:06,主受,扯淡向咸蛋,"游戏签约,影视签约,繁体出版(港/台)签约,亚洲出版签约,外文广播剧签约,欧美出版签约",已签约,1107035,166892,814861,"9,471,793,152","强强,灵异神怪,现代架空,正剧",9.7,4707,89%,9%,1%,0%,0%
priest,默读,原创-纯爱-近代现代-悬疑,完结,824288,2016-06-15 11:00:00,主受,扯淡向咸蛋,"有声读物签约,动漫签约,影视签约,广播剧签约,亚洲出版签约,音乐签约,欧美出版签约",已签约,1527462,802220,1585880,"19,339,429,888","都市,悬疑推理,正剧",9.8,14512,93%,6%,1%,0%,0%
巫哲,解药,原创-纯爱-近代现代-爱情,完结,589362,2018-03-30 10:10:00,互攻,轻松现代,"中国大陆出版最新签约,亚洲出版签约,广播剧签约,繁体出版(港/台)签约,动漫签约,音乐签约,衍生品签约,欧美出版签约",已签约,693393,416829,706045,"17,693,749,248",轻松,9.8,2865,90%,8%,1%,0%,0%
巫哲,撒野,原创-纯爱-近代现代-爱情,完结,909615,2017-04-13 20:31:43,互攻,校园,"中国大陆出版最新签约,广播剧签约,动漫签约,网络剧签约,非大陆电影签约,动画签约,音乐签约,亚洲出版签约,漫画签约,衍生品签约,有声读物签约,欧美出版签约,繁体出版(港/台)签约,品牌联名签约",已签约,1858273,717832,1812228,"32,876,077,056","强强,轻松",9.9,11535,95%,4%,1%,0%,0%
梦溪石,千秋,原创-纯爱-架空历史-传奇,完结,637592,2023-11-14 03:34:06,主受,耽美 之 剑胆琴心,"中国大陆出版最新签约,繁体出版(港/台)签约,游戏签约,动漫签约,广播剧签约,亚洲出版签约,影视签约,有声读物签约,欧美出版签约",已签约,455755,124172,426678,"6,267,686,912","江湖,正剧,美强惨,群像",9.7,3473,86%,12%,1%,0%,0%
priest,杀破狼,原创-纯爱-架空历史-爱情,完结,655752,2015-01-23 20:00:00,主受,各种古耽,"亚洲出版签约,繁体出版(港/台)签约,影视签约,游戏签约,动漫签约,有声读物签约,欧美出版签约",已签约,1089274,474732,1203097,"13,772,617,728","年下,幻想空间,正剧",0,0,0%,0%,0%,0%,0%
一十四洲,小蘑菇,原创-纯爱-幻想未来-科幻,完结,313923,2019-10-22 02:17:10,主受,红玫瑰,"中国大陆出版最新签约,广播剧签约,漫画签约,电影签约,网络剧签约,动画签约,有声读物签约,亚洲出版签约,欧美出版签约,衍生品签约,漫画线下活动签约,繁体出版(港/台)签约,游戏签约",已签约,1467873,455392,1322151,"22,726,635,520","科幻,末世,正剧,废土",9.8,29624,91%,8%,1%,0%,0%
红刺北,单身狗的春天,原创-言情-近代现代-爱情,完结,152203,2019-04-22 22:51:33,女主,瓶颈一期,"中国大陆出版最新签约,亚洲出版签约",已签约,113435,3727,33710,"1,521,331,456","时代奇缘,重生,校园,轻松",8.8,460,49%,42%,8%,0%,0%
老衲吃素,蜜桃色巧合,原创-言情-近代现代-爱情,完结,321551,2018-10-11 19:16:02,女主,已完结 之 都市,"中国大陆出版最新签约,亚洲出版签约",已签约,336118,22083,71681,"1,236,544,000","都市,甜文,轻松",9.2,154,67%,27%,5%,1%,0%
林壑清,穿成流放文对照组,原创-言情-架空历史-爱情,完结,412380,2022-04-03 11:48:33,女主,把酒祝东风,繁体出版(港/台)签约,已签约,31524,2006,10806,"95,452,344","穿书,爽文,基建,正剧,对照组",8.7,25,40%,56%,4%,0%,0%
蝶之灵,逃离图书馆,原创-纯爱-幻想未来-剧情,完结,1218894,2020-12-19 20:39:56,主受,无限流 之 无限流,"中国大陆出版最新签约,亚洲出版签约",已签约,308569,87953,232076,"5,469,406,720","强强,幻想空间,情有独钟,无限流,爽文,轻松",9,1121,60%,34%,4%,1%,1%
语笑阑珊,江湖遍地是奇葩,原创-纯爱-架空历史-爱情,完结,746556,2018-05-03 21:00:10,主受,古代耽美 之 江湖①,"亚洲出版签约,繁体出版(港/台)签约,广播剧签约,漫画签约,动画签约",已签约,258200,34682,122825,"3,238,325,248","情有独钟,天作之合,穿越时空,爆笑,HE",9.4,441,74%,22%,4%,0%,0%
语笑阑珊,江湖遍地是土豪,原创-纯爱-架空历史-武侠,完结,1153518,2013-11-14 00:46:54,主受,古代耽美 之 江湖②,"繁体出版(港/台)签约,港澳出版签约,广播剧签约,亚洲出版签约",已签约,147958,34557,76264,"2,979,845,376","情有独钟,天作之合,爆笑,HE",9.5,181,80%,17%,3%,0%,0%
独恋一枝花,换命后的美好生活,原创-言情-架空历史-爱情,完结,564814,2022-06-04 06:49:20,女主,小森林,"亚洲出版签约,繁体出版(港/台)签约",已签约,196052,3372,68254,"670,058,176","情有独钟,天作之合,穿越时空,种田文,正剧",0,0,0%,0%,0%,0%,0%
阿淳,然后是你,原创-言情-近代现代-爱情,完结,331122,2023-05-06 02:13:54,女主,现言小甜甜~,"中国大陆出版最新签约,亚洲出版签约",已签约,188513,11911,93404,"774,332,224","花季雨季,情有独钟,天作之合,校园,轻松",9.5,371,81%,15%,4%,1%,0%
春风榴火,我竹马十分凶险,原创-言情-近代现代-爱情,完结,387169,2023-06-10 08:51:13,女主,收藏10万以上,"中国大陆出版最新签约,亚洲出版签约",已签约,289241,17441,125057,"2,963,717,888","都市,情有独钟,天作之合,天之骄子,青梅竹马,甜文",8.1,205,42%,36%,12%,6%,3%
葵十月,黄烟,原创-言情-近代现代-爱情,完结,250544,2021-08-06 12:31:41,女主,完结 之 ?,"中国大陆出版最新签约,亚洲出版签约",已签约,311629,8154,296578,"1,837,733,888","情有独钟,破镜重圆,正剧",9.4,1384,79%,14%,5%,2%,0%
境风,藏南晚星,原创-纯爱-近代现代-爱情,完结,263025,2024-07-15 01:43:52,双视角,那一个时空,"中国大陆出版最新签约,广播剧签约,衍生品签约,港澳出版签约,亚洲出版签约",已签约,174121,168393,232662,"4,348,025,344","强强,因缘邂逅,业界精英,甜文",9.8,3946,89%,10%,0%,0%,0%
木瓜黄,七芒星,原创-纯爱-近代现代-爱情,完结,329419,2019-04-08 22:22:22,主受,完结了，挑着看吧,"中国大陆出版最新签约,广播剧签约,漫画签约,繁体出版(港/台)签约,亚洲出版签约",已签约,260532,88166,454800,"6,641,300,992","强强,励志,甜文,轻松",9.5,2782,80%,16%,3%,0%,0%
启夫微安,穿成流放反派他元配,原创-言情-架空历史-爱情,完结,830395,2024-06-12 19:45:13,女主,2022年,繁体出版(港/台)签约,已签约,361783,17668,148612,"2,011,323,136","种田文,打脸,甜文,穿书,轻松",8,247,26%,50%,22%,2%,0%
行云渡,咸鱼天师的鬼王室友,原创-纯爱-近代现代-爱情,完结,578522,2024-10-23 13:51:59,主受,一座城,繁体出版(港/台)签约,已签约,9497,1525,13206,"147,269,168","强强,灵异神怪,相爱相杀,甜文,玄学,轻松",9,20,50%,50%,0%,0%,0%
梅子蜜饯,蜀地小厨娘,原创-言情-架空历史-爱情,完结,331519,2022-01-22 10:14:24,女主,完结,繁体出版(港/台)签约,已签约,5168,291,1798,"23,832,124","天作之合,种田文,美食,轻松",9.3,3,67%,33%,0%,0%,0%
